Title,Date,Video_link,Length,Views,thumbnail
Apache Beam 60 Seconds Crash Course ,2 days ago,https://www.youtube.com/watch?v=PjSA0Ru7_rI,1:03,532 views,https://i.ytimg.com/vi/PjSA0Ru7_rI/hqdefault.jpg?sqp=-oaymwEcCNACELwBSFXyq4qpAw4IARUAAIhCGAFwAcABBg==&rs=AOn4CLBb4nIhBoNczNVMKUjYdvP7YLxjFw
Data Lake 60 Seconds Crash Course ,3 days ago,https://www.youtube.com/watch?v=KGD-T3bhFEA,1:03,552 views,https://i.ytimg.com/vi/KGD-T3bhFEA/hqdefault.jpg?sqp=-oaymwEcCNACELwBSFXyq4qpAw4IARUAAIhCGAFwAcABBg==&rs=AOn4CLB1vtrUL_tnavOw5NMNIEz7Pg1nyQ
Choosing the Right Cloud Provider ,6 days ago,https://www.youtube.com/watch?v=YbPnhezNaUE,3:10,714 views,https://i.ytimg.com/vi/YbPnhezNaUE/hqdefault.jpg?sqp=-oaymwEcCNACELwBSFXyq4qpAw4IARUAAIhCGAFwAcABBg==&rs=AOn4CLATRoFrpSmY8UXodsNJULRPITr96g
A Journey from NOKIA to PAYPAL ,8 days ago,https://www.youtube.com/watch?v=6UUTPA0l748,13:12,1.4K views,https://i.ytimg.com/vi/6UUTPA0l748/hqdefault.jpg?sqp=-oaymwEcCNACELwBSFXyq4qpAw4IARUAAIhCGAFwAcABBg==&rs=AOn4CLDe7YvO0sMZO0UZ9U4CTCq19xia0g
Make Best Team For ICC Cricket World 2023 ,10 days ago,https://www.youtube.com/watch?v=ItY3minkI3o,23:05,383 views,https://i.ytimg.com/vi/ItY3minkI3o/hqdefault.jpg?sqp=-oaymwEcCNACELwBSFXyq4qpAw4IARUAAIhCGAFwAcABBg==&rs=AOn4CLB9nkfjqTfg62Jb2UImMqiFFMYAFw
Interview Strategies for Freshers ,11 days ago,https://www.youtube.com/watch?v=tmg6d3T_T6Q,0:51,1K views,https://i.ytimg.com/vi/tmg6d3T_T6Q/hqdefault.jpg?sqp=-oaymwEcCNACELwBSFXyq4qpAw4IARUAAIhCGAFwAcABBg==&rs=AOn4CLBqlHlrDk1QeOGRrAr-tkrWxPFjSQ
üèÜ GeeksforGeeks Hack-A-Thon: World-cup-Wizard Edition üåü,11 days ago,https://www.youtube.com/watch?v=2mW7tclj6mc,0:43,328 views,https://i.ytimg.com/vi/2mW7tclj6mc/hqdefault.jpg?sqp=-oaymwEcCNACELwBSFXyq4qpAw4IARUAAIhCGAFwAcABBg==&rs=AOn4CLCbLdvgAvCnYUvN6nR5cbXn8OFzYw
Ace your DevOps interview ,2 weeks ago,https://www.youtube.com/watch?v=I-J28pjrTc8,0:44,15K views,https://i.ytimg.com/vi/I-J28pjrTc8/hqdefault.jpg?sqp=-oaymwEcCNACELwBSFXyq4qpAw4IARUAAIhCGAFwAcABBg==&rs=AOn4CLDP1_JuHf5zPo040tvtT14vNXRakQ
How to Get Free Google Cloud Qwiklabs Credits ,1 month ago,https://www.youtube.com/watch?v=lf-eQH28eAw,1:08,3.7K views,
"GeeksforGeeks Community ‚Äì Connect, Ask, Learn & Grow with Tech Geeks",1 month ago,https://www.youtube.com/watch?v=dMX0Bel8V94,0:52,762 views,
Become a SDET Expert with GeeksforGeeks,1 month ago,https://www.youtube.com/watch?v=PLxzWN08w54,0:33,13K views,
Geeks Premier League 2023 ,1 month ago,https://www.youtube.com/watch?v=e0DLnBRZRj0,0:53,1.7K views,
Happy Engineer's Day To You All!,1 month ago,https://www.youtube.com/watch?v=g4M-zfzsqBg,0:36,2.1K views,
Decoding the Modern Job Landscape ,1 month ago,https://www.youtube.com/watch?v=w3ucO_5NHCU,18:15,675 views,
Unlock GATE 2024 ,1 month ago,https://www.youtube.com/watch?v=4TVPoMDU0Ts,0:31,22K views,
We Stole This For You,1 month ago,https://www.youtube.com/watch?v=eVV0MO_IBnw,1:11,7.2K views,
Career Advancement Test For EWS & PWD Candidates ,2 months ago,https://www.youtube.com/watch?v=DpCJ74xg93E,0:57,6.1K views,
GfG Mobile App ,2 months ago,https://www.youtube.com/watch?v=Rsh8xd3aIqw,0:33,710 views,
üîí Securing Your Data in the Cloud: GCP's Top SECURITY Features ,2 months ago,https://www.youtube.com/watch?v=rwLBsyQ4rO8,3:06,423 views,
GATE CSE Offline Classes ,2 months ago,https://www.youtube.com/watch?v=a9xiYYqbaHg,0:47,18K views,
How to Build a To-Do Application in Flutter ,2 months ago,https://www.youtube.com/watch?v=fNuURHd7POk,53:35,835 views,
How to Use Google Sign-in With Firebase in Flutter ,2 months ago,https://www.youtube.com/watch?v=MRb_2Kg0nRI,24:16,2.5K views,
Machine Learning on GCP ,2 months ago,https://www.youtube.com/watch?v=KSTX28pUSeI,1:52,519 views,
"GRAPH Data Structures: Exploring Types, Implementation, and Algorithms ",2 months ago,https://www.youtube.com/watch?v=gTsoyORhqkg,14:51,1.2K views,
Handling Missing Values ,2 months ago,https://www.youtube.com/watch?v=yFJ2_phRslY,10:54,606 views,
Security Risks of Cloud Computing ,2 months ago,https://www.youtube.com/watch?v=6lxKkdyvS6M,15:57,581 views,
DSA Classroom Program with Placement Assistance ,2 months ago,https://www.youtube.com/watch?v=ACZoeLwm_fE,0:36,36K views,
Free Cloud Bootcamp Sponsored by Google for Developers ,2 months ago,https://www.youtube.com/watch?v=uXpOqQEw7Pc,0:30,2.1K views,
